Workbook

Sheet Sommario
A1: Mese | B1: Saldo netto mese (€) | C1: Saldo cumulato (€)
A2: Saldo iniziale (anno precedente) | C2: 1200
A3: Gennaio | B3: ='01-Jan'!$K$2 -> -401.99 | C3: =C2+B3 -> 798.01
A4: Febbraio | B4: ='02-Feb'!$K$2 -> -153.56 | C4: =C3+B4 -> 644.45
A5: Marzo | B5: ='03-Mar'!$K$2 -> -182 | C5: =C4+B5 -> 462.45
A6: Aprile | B6: ='04-Apr'!$K$2 -> -28 | C6: =C5+B6 -> 434.45
A7: Maggio | B7: ='05-May'!$K$2 -> -352 | C7: =C6+B7 -> 82.45
A8: Giugno | B8: ='06-Jun'!$K$2 -> 2352 | C8: =C7+B8 -> 2434.45
A9: Luglio | B9: ='07-Jul'!$K$2 -> -182 | C9: =C8+B9 -> 2252.45
A10: Agosto | B10: ='08-Aug'!$K$2 -> -198 | C10: =C9+B10 -> 2054.45
A11: Settembre | B11: ='09-Sep'!$K$2 -> -182 | C11: =C10+B11 -> 1872.45
A12: Ottobre | B12: ='10-Oct'!$K$2 -> -198 | C12: =C11+B12 -> 1674.45
A13: Novembre | B13: ='11-Nov'!$K$2 -> -182 | C13: =C12+B13 -> 1492.45
A14: Dicembre | B14: ='12-Dec'!$K$2 -> 2352 | C14: =C13+B14 -> 3844.45
A15: Saldo netto annuale | B15: =SUM(B3:B14) -> 2644.45 | C15: =C14 -> 3844.45

Sheet Legenda
A1: Priorità | B1: Significato
A2: A | B2: Intoccabile (Fisco, rate critiche)
A3: B | B3: Essenziale (utenze, casa)
A4: C | B4: Gestibile/Opzionale
A6: Pagamento | B6: Valori suggeriti (menu a tendina nei mesi)
A7: SDD / Accredito / Bancomat / CC moglie / Contanti / Buoni pasto / Gift card / Altro
A9: Nota | B9: Importi: spese positive, entrate negative. 'Residuo (fisso)' in G2 di ogni mese.
A12: Pagato | B12: Colonna H: menu a tendina Sì/No (facoltativo).
A14: Protezione soft | B14: F2/G2 e intestazioni bloccate; righe dati modificabili. Filtri e ordinamento abilitati.
A16: Modifiche | B16: Rimossi i duplicati 'Condominio' senza data. Abilitata eliminazione/inserimento righe anche con protezione attiva.
A18: Residuo/Cumulato (fissi) | B18: In ogni mese: Residuo in K2, Cumulato in K3 (colonne J/K, fuori tabella) per evitare sovrascritture.
A20: Assicurazione auto | B20: Ricorrente il 26: 125,56€ (priorità A). Da pagare entro fine mese.
A21: Spesa familiare settimanale | B21: Inserita su tutti i sabati del mese: 170€ standard (modificabile).
A22: Residuo anno precedente | B22: Nel Sommario (riga 2): valore manuale che alimenta il cumulato.
A24: Segni | B24: Spese NEGATIVE, entrate POSITIVE. Saldo netto mese = somma importi (D) delle righe con data.
A25: Interpretazione | B25: Saldo netto mese > 0 = avanzo; < 0 = disavanzo. Saldo iniziale in Sommario alimenta il cumulato.

Sheet README
B1: Calendario finanziario mensile (2026)
B3: Come usare:
B4: Ogni mese ha un foglio dedicato con gli addebiti ricorrenti (1°, 15°, 27) e le eccezioni note. Colonna 'Metodo' indica SDD/Bonifico/Buoni/etc. Modifica se necessario. Nei mesi di Rottamazione Quater (Feb/Mag/Ago/Nov) trovi una riga a fine mese e una nota sulla 'zona rossa' 25→3. Importi Sorgenia sono stime: aggiorna quando hai i valori effettivi. Prime è annuale (2 gennaio).
B6: Buffer (promemoria):
B7: • Entro il 1°: 800 € (1.050 € nei mesi Rottamazione)
B8: • Entro il 15: 1.000 €
B9: • Zona Rottamazione (25→3): lasciare almeno 250 €
B11: Regola spesa:
B12: • 1 sola spesa settimanale al mese pagata con buoni pasto (accredito con stipendio il 27).
B14: Note mensilità extra:
B15: • 14esima: 27 giugno (insieme allo stipendio).
B16: • 13esima: spesso 24–27 dicembre; qui riportata il 27 per generalità.
... B19: • Amazon Prime: 2 gennaio (49,99 €/anno).

Sheet 01-Jan
A1: JANUARY 2026
F2: Residuo (fisso) | G2: =SUMIF($A:$A,"<>",$D:$D) -> -401.99 | J2: Saldo netto mese | K2: =SUMIF($A:$A,"<>",$D:$D) -> -401.99
A3: Data | B3: Categoria | C3: Voce | D3: Importo (€) | E3: Metodo | F3: Priorità | G3: Note operative | H3: Pagato | J3: Saldo cumulato | K3: =$K$2 -> -401.99
A4: 46023 | B4: Prestito | C4: Santander prestito auto rubata | D4: -742 | E4: SDD | F4: A | G4: Picco del 1° (mantenere buffer).
A5: 46023 | B5: Servizio | C5: Subbyx (Garmin + telefoni) | D5: -38 | E5: SDD | F5: B | G5: Spostata al 1°.
A6: 46023 | B6: Casa | C6: Condominio (bimestrale) | D6: -154 | E6: SDD | F6: B | G6: Mesi dispari.
A7: 46024 | B7: Amazon | C7: Amazon Prime (annuale) | D7: -49.99 | E7: Bancomat | F7: C | G7: Rinnovo Prime.
A8: 46025 | B8: Spesa | C8: Spesa familiare settimanale | D8: -170 | E8: Bancomat | F8: B
A9: 46032 | B9: Spesa | C9: Spesa familiare settimanale | D9: -170 | E9: Bancomat | F9: B
A10: 46037 | B10: Prestito | C10: Fineco prestito personale | D10: -218 | E10: SDD | F10: A | G10: Picco del 15 (mantenere buffer).
A11: 46037 | B11: Prestito | C11: Compass prestito auto nuova | D11: -545 | E11: SDD | F11: A | G11: Picco del 15.
A12: 46037 | B12: Utenza | C12: WindTre fibra casa | D12: -31 | E12: SDD | F12: B | G12: Essenziale.
A13: 46037 | B13: Utenza | C13: WindTre figli | D13: -14 | E13: SDD | F13: B | G13: Essenziale.
A14: 46037 | B14: Utenza | C14: Sorgenia elettricità (stima) | D14: -120 | E14: SDD | F14: B | G14: Aggiorna quando arriva la bolletta.
A15: 46037 | B15: Utenza | C15: Sorgenia gas (stima) | D15: -20 | E15: SDD | F15: B | G15: Aggiorna quando arriva la bolletta.
A16: 46039 | B16: Spesa | C16: Spesa familiare settimanale | D16: -170 | E16: Bancomat | F16: B
A17: 46046 | B17: Spesa | C17: Spesa familiare settimanale | D17: -170 | E17: Bancomat | F17: B
A18: 46049 | B18: Entrate | C18: Stipendio netto | D18: 2380 | E18: Accredito | F18: A
A19: 46053 | B19: Spesa | C19: Spesa familiare settimanale | D19: -170 | E19: Buoni pasto | F19: B
A21: Regole operative del mese (promemoria)
A22: • Spesa alimentare: pagare SOLO 1 spesa settimanale al mese con buoni pasto (zero impatto sul C/C).
A23: • Amazon: preferire credito/buoni regalo; evitare addebiti diretti da C/C salvo necessità di tua moglie.
A24: • Niente prelievi nei 3–4 giorni prima del 1° e del 15. Nei mesi Rottamazione: niente prelievi 25→3.
A25: • Santander/Compass: evitare qualunque giorno di ritardo (mora giornaliera elevata).

Sheet 02-Feb
A1: FEBRUARY 2026
F2: Residuo (fisso) | G2: =SUMIF($A:$A,"<>",$D:$D) -> -153.56 | J2: Saldo netto mese | K2: =SUMIF($A:$A,"<>",$D:$D) -> -153.56
A3: Data | B3: Categoria | C3: Voce | D3: Importo (€) | E3: Metodo | F3: Priorità | G3: Note operative | H3: Pagato | J3: Saldo cumulato | K3: ='01-Jan'!$K$3+$K$2 -> -555.55
A4: 46054 | B4: Prestito | C4: Santander prestito auto rubata | D4: -742 | E4: SDD | F4: A | G4: Picco del 1° (mantenere buffer).
A5: 46054 | B5: Servizio | C5: Subbyx (Garmin + telefoni) | D5: -38 | E5: SDD | F5: B | G5: Spostata al 1°.
A6: 46060 | B6: Spesa | C6: Spesa familiare settimanale | D6: -170 | E6: Bancomat | F6: B
A7: 46067 | B7: Spesa | C7: Spesa familiare settimanale | D7: -170 | E7: Bancomat | F7: B
A8: 46068 | B8: Prestito | C8: Fineco prestito personale | D8: -218 | E8: SDD | F8: A | G8: Picco del 15 (mantenere buffer).
A9: 46068 | B9: Prestito | C9: Compass prestito auto nuova | D9: -545 | E9: SDD | F9: A | G9: Picco del 15.
A10: 46068 | B10: Utenza | C10: WindTre fibra casa | D10: -31 | E10: SDD | F10: B | G10: Essenziale.
A11: 46068 | B11: Utenza | C11: WindTre figli | D11: -14 | E11: SDD | F11: B | G11: Essenziale.
A12: 46068 | B12: Utenza | C12: Sorgenia elettricità (stima) | D12: -120 | E12: SDD | F12: B | G12: Aggiorna quando arriva la bolletta.
A13: 46068 | B13: Utenza | C13: Sorgenia gas (stima) | D13: -20 | E13: SDD | F13: B | G13: Aggiorna quando arriva la bolletta.
A14: 46074 | B14: Spesa | C14: Spesa familiare settimanale | D14: -170 | E14: Bancomat | F14: B
A15: 46079 | B15: Auto | C15: Assicurazione auto (mensile) | D15: -125.56 | E15: Bancomat | F15: A | G15: Da pagare entro fine mese (se no auto ferma dal 1°).
A16: 46080 | B16: Entrate | C16: Stipendio netto | D16: 2380 | E16: Accredito | F16: A
A17: 46081 | B17: Spesa | C17: Spesa familiare settimanale | D17: -170 | E17: Buoni pasto | F17: B
A19: Regole operative del mese (promemoria)
A20: • Spesa alimentare: pagare SOLO 1 spesa settimanale al mese con buoni pasto (zero impatto sul C/C).
A21: • Amazon: preferire credito/buoni regalo; evitare addebiti diretti da C/C salvo necessità di tua moglie.
A22: • Niente prelievi nei 3–4 giorni prima del 1° e del 15. Nei mesi Rottamazione: niente prelievi 25→3.
A23: • Santander/Compass: evitare qualunque giorno di ritardo (mora giornaliera elevata).

Sheet 03-Mar
A1: MARCH 2026
F2: Residuo (fisso) | G2: =SUMIF($A:$A,"<>",$D:$D) -> -182 | J2: Saldo netto mese | K2: =SUMIF($A:$A,"<>",$D:$D) -> -182
A3: Data | B3: Categoria | C3: Voce | D3: Importo (€) | E3: Metodo | F3: Priorità | G3: Note operative | H3: Pagato | J3: Saldo cumulato | K3: ='02-Feb'!$K$3+$K$2 -> -737.55
A4: 46082 | B4: Prestito | C4: Santander prestito auto rubata | D4: -742 | E4: SDD | F4: A | G4: Picco del 1° (mantenere buffer).
A5: 46082 | B5: Servizio | C5: Subbyx (Garmin + telefoni) | D5: -38 | E5: SDD | F5: B | G5: Spostata al 1°.
A6: 46082 | B6: Casa | C6: Condominio (bimestrale) | D6: -154 | E6: SDD | F6: B | G6: Mesi dispari.
A7: 46088 | B7: Spesa | C7: Spesa familiare settimanale | D7: -170 | E7: Bancomat | F7: B
A8: 46095 | B8: Spesa | C8: Spesa familiare settimanale | D8: -170 | E8: Bancomat | F8: B
A9: 46096 | B9: Prestito | C9: Fineco prestito personale | D9: -218 | E9: SDD | F9: A | G9: Picco del 15 (mantenere buffer).
A10: 46096 | B10: Prestito | C10: Compass prestito auto nuova | D10: -545 | E10: SDD | F10: A | G10: Picco del 15.
A11: 46096 | B11: Utenza | C11: WindTre fibra casa | D11: -31 | E11: SDD | F11: B | G11: Essenziale.
A12: 46096 | B12: Utenza | C12: WindTre figli | D12: -14 | E12: SDD | F12: B | G12: Essenziale.
A13: 46096 | B13: Utenza | C13: Sorgenia elettricità (stima) | D13: -120 | E13: SDD | F13: B | G13: Aggiorna quando arriva la bolletta.
A14: 46096 | B14: Utenza | C14: Sorgenia gas (stima) | D14: -20 | E14: SDD | F14: B | G14: Aggiorna quando arriva la bolletta.
A15: 46102 | B15: Spesa | C15: Spesa familiare settimanale | D15: -170 | E15: Bancomat | F15: B
A16: 46108 | B16: Entrate | C16: Stipendio netto | D16: 2380 | E16: Accredito | F16: A
A17: 46109 | B17: Spesa | C17: Spesa familiare settimanale | D17: -170 | E17: Buoni pasto | F17: B
A19: Regole operative del mese (promemoria)
A20: • Spesa alimentare: pagare SOLO 1 spesa settimanale al mese con buoni pasto (zero impatto sul C/C).
A21: • Amazon: preferire credito/buoni regalo; evitare addebiti diretti da C/C salvo necessità di tua moglie.
A22: • Niente prelievi nei 3–4 giorni prima del 1° e del 15. Nei mesi Rottamazione: niente prelievi 25→3.
A23: • Santander/Compass: evitare qualunque giorno di ritardo (mora giornaliera elevata).

Sheet 04-Apr
A1: APRIL 2026
F2: Residuo (fisso) | G2: =SUMIF($A:$A,"<>",$D:$D) -> -28 | J2: Saldo netto mese | K2: =SUMIF($A:$A,"<>",$D:$D) -> -28
A3: Data | B3: Categoria | C3: Voce | D3: Importo (€) | E3: Metodo | F3: Priorità | G3: Note operative | H3: Pagato | J3: Saldo cumulato | K3: ='03-Mar'!$K$3+$K$2 -> -765.55
A4: 46113 | B4: Prestito | C4: Santander prestito auto rubata | D4: -742 | E4: SDD | F4: A | G4: Picco del 1° (mantenere buffer).
A5: 46113 | B5: Servizio | C5: Subbyx (Garmin + telefoni) | D5: -38 | E5: SDD | F5: B | G5: Spostata al 1°.
A6: 46116 | B6: Spesa | C6: Spesa familiare settimanale | D6: -170 | E6: Bancomat | F6: B
A7: 46123 | B7: Spesa | C7: Spesa familiare settimanale | D7: -170 | E7: Bancomat | F7: B
A8: 46127 | B8: Prestito | C8: Fineco prestito personale | D8: -218 | E8: SDD | F8: A | G8: Picco del 15 (mantenere buffer).
A9: 46127 | B9: Prestito | C9: Compass prestito auto nuova | D9: -545 | E9: SDD | F9: A | G9: Picco del 15.
A10: 46127 | B10: Utenza | C10: WindTre fibra casa | D10: -31 | E10: SDD | F10: B | G10: Essenziale.
A11: 46127 | B11: Utenza | C11: WindTre figli | D11: -14 | E11: SDD | F11: B | G11: Essenziale.
A12: 46127 | B12: Utenza | C12: Sorgenia elettricità (stima) | D12: -120 | E12: SDD | F12: B | G12: Aggiorna quando arriva la bolletta.
A13: 46127 | B13: Utenza | C13: Sorgenia gas (stima) | D13: -20 | E13: SDD | F13: B | G13: Aggiorna quando arriva la bolletta.
A14: 46130 | B14: Spesa | C14: Spesa familiare settimanale | D14: -170 | E14: Bancomat | F14: B
A15: 46137 | B15: Spesa | C15: Spesa familiare settimanale | D15: -170 | E15: Bancomat | F15: B
A16: 46139 | B16: Entrate | C16: Stipendio netto | D16: 2380 | E16: Accredito | F16: A
A18: Regole operative del mese (promemoria)
A19: • Spesa alimentare: pagare SOLO 1 spesa settimanale al mese con buoni pasto (zero impatto sul C/C).
A20: • Amazon: preferire credito/buoni regalo; evitare addebiti diretti da C/C salvo necessità di tua moglie.
A21: • Niente prelievi nei 3–4 giorni prima del 1° e del 15. Nei mesi Rottamazione: niente prelievi 25→3.
A22: • Santander/Compass: evitare qualunque giorno di ritardo (mora giornaliera elevata).

Sheet 05-May
A1: MAY 2026
F2: Residuo (fisso) | G2: =SUMIF($A:$A,"<>",$D:$D) -> -352 | J2: Saldo netto mese | K2: =SUMIF($A:$A,"<>",$D:$D) -> -352
A3: Data | B3: Categoria | C3: Voce | D3: Importo (€) | E3: Metodo | F3: Priorità | G3: Note operative | H3: Pagato | J3: Saldo cumulato | K3: ='04-Apr'!$K$3+$K$2 -> -1117.55
A4: 46143 | B4: Prestito | C4: Santander prestito auto rubata | D4: -742 | E4: SDD | F4: A | G4: Picco del 1° (mantenere buffer).
A5: 46143 | B5: Servizio | C5: Subbyx (Garmin + telefoni) | D5: -38 | E5: SDD | F5: B | G5: Spostata al 1°.
A6: 46143 | B6: Casa | C6: Condominio (bimestrale) | D6: -154 | E6: SDD | F6: B | G6: Mesi dispari.
A7: 46144 | B7: Spesa | C7: Spesa familiare settimanale | D7: -170 | E7: Bancomat | F7: B
A8: 46151 | B8: Spesa | C8: Spesa familiare settimanale | D8: -170 | E8: Bancomat | F8: B
A9: 46157 | B9: Prestito | C9: Fineco prestito personale | D9: -218 | E9: SDD | F9: A | G9: Picco del 15 (mantenere buffer).
A10: 46157 | B10: Prestito | C10: Compass prestito auto nuova | D10: -545 | E10: SDD | F10: A | G10: Picco del 15.
A11: 46157 | B11: Utenza | C11: WindTre fibra casa | D11: -31 | E11: SDD | F11: B | G11: Essenziale.
A12: 46157 | B12: Utenza | C12: WindTre figli | D12: -14 | E12: SDD | F12: B | G12: Essenziale.
A13: 46157 | B13: Utenza | C13: Sorgenia elettricità (stima) | D13: -120 | E13: SDD | F13: B | G13: Aggiorna quando arriva la bolletta.
A14: 46157 | B14: Utenza | C14: Sorgenia gas (stima) | D14: -20 | E14: SDD | F14: B | G14: Aggiorna quando arriva la bolletta.
A15: 46158 | B15: Spesa | C15: Spesa familiare settimanale | D15: -170 | E15: Bancomat | F15: B
A16: 46165 | B16: Spesa | C16: Spesa familiare settimanale | D16: -170 | E16: Bancomat | F16: B
A17: 46169 | B17: Entrate | C17: Stipendio netto | D17: 2380 | E17: Accredito | F17: A
A18: 46172 | B18: Spesa | C18: Spesa familiare settimanale | D18: -170 | E18: Buoni pasto | F18: B
A20: Regole operative del mese (promemoria)
A21: • Spesa alimentare: pagare SOLO 1 spesa settimanale al mese con buoni pasto (zero impatto sul C/C).
A22: • Amazon: preferire credito/buoni regalo; evitare addebiti diretti da C/C salvo necessità di tua moglie.
A23: • Niente prelievi nei 3–4 giorni prima del 1° e del 15. Nei mesi Rottamazione: niente prelievi 25→3.
A24: • Santander/Compass: evitare qualunque giorno di ritardo (mora giornaliera elevata).

Sheet 06-Jun
A1: JUNE 2026
F2: Residuo (fisso) | G2: =SUMIF($A:$A,"<>",$D:$D) -> 2352 | J2: Saldo netto mese | K2: =SUMIF($A:$A,"<>",$D:$D) -> 2352
A3: Data | B3: Categoria | C3: Voce | D3: Importo (€) | E3: Metodo | F3: Priorità | G3: Note operative | H3: Pagato | J3: Saldo cumulato | K3: ='05-May'!$K$3+$K$2 -> 1234.45
A4: 46174 | B4: Prestito | C4: Santander prestito auto rubata | D4: -742 | E4: SDD | F4: A | G4: Picco del 1° (mantenere buffer).
A5: 46174 | B5: Servizio | C5: Subbyx (Garmin + telefoni) | D5: -38 | E5: SDD | F5: B | G5: Spostata al 1°.
A6: 46179 | B6: Spesa | C6: Spesa familiare settimanale | D6: -170 | E6: Bancomat | F6: B
A7: 46186 | B7: Spesa | C7: Spesa familiare settimanale | D7: -170 | E7: Bancomat | F7: B
A8: 46188 | B8: Prestito | C8: Fineco prestito personale | D8: -218 | E8: SDD | F8: A | G8: Picco del 15 (mantenere buffer).
A9: 46188 | B9: Prestito | C9: Compass prestito auto nuova | D9: -545 | E9: SDD | F9: A | G9: Picco del 15.
A10: 46188 | B10: Utenza | C10: WindTre fibra casa | D10: -31 | E10: SDD | F10: B | G10: Essenziale.
A11: 46188 | B11: Utenza | C11: WindTre figli | D11: -14 | E11: SDD | F11: B | G11: Essenziale.
A12: 46188 | B12: Utenza | C12: Sorgenia elettricità (stima) | D12: -120 | E12: SDD | F12: B | G12: Aggiorna quando arriva la bolletta.
A13: 46188 | B13: Utenza | C13: Sorgenia gas (stima) | D13: -20 | E13: SDD | F13: B | G13: Aggiorna quando arriva la bolletta.
A14: 46193 | B14: Spesa | C14: Spesa familiare settimanale | D14: -170 | E14: Bancomat | F14: B
A15: 46200 | B15: Spesa | C15: Spesa familiare settimanale | D15: -170 | E15: Buoni pasto | F15: B
A16: 46200 | B16: Entrate | C16: Stipendio netto | D16: =2380*2 -> 4760 | E16: Accredito | F16: A | G16: Stipendio+quattordicesima
A18: Regole operative del mese (promemoria)
A19: • Spesa alimentare: pagare SOLO 1 spesa settimanale al mese con buoni pasto (zero impatto sul C/C).
A20: • Amazon: preferire credito/buoni regalo; evitare addebiti diretti da C/C salvo necessità di tua moglie.
A21: • Niente prelievi nei 3–4 giorni prima del 1° e del 15. Nei mesi Rottamazione: niente prelievi 25→3.
A22: • Santander/Compass: evitare qualunque giorno di ritardo (mora giornaliera elevata).

Sheet 07-Jul
A1: JULY 2026
F2: Residuo (fisso) | G2: =SUMIF($A:$A,"<>",$D:$D) -> -182 | J2: Saldo netto mese | K2: =SUMIF($A:$A,"<>",$D:$D) -> -182
A3: Data | B3: Categoria | C3: Voce | D3: Importo (€) | E3: Metodo | F3: Priorità | G3: Note operative | H3: Pagato | J3: Saldo cumulato | K3: ='06-Jun'!$K$3+$K$2 -> 1052.45
A4: 46204 | B4: Prestito | C4: Santander prestito auto rubata | D4: -742 | E4: SDD | F4: A | G4: Picco del 1° (mantenere buffer).
A5: 46204 | B5: Servizio | C5: Subbyx (Garmin + telefoni) | D5: -38 | E5: SDD | F5: B | G5: Spostata al 1°.
A6: 46204 | B6: Casa | C6: Condominio (bimestrale) | D6: -154 | E6: SDD | F6: B | G6: Mesi dispari.
A7: 46207 | B7: Spesa | C7: Spesa familiare settimanale | D7: -170 | E7: Bancomat | F7: B
A8: 46214 | B8: Spesa | C8: Spesa familiare settimanale | D8: -170 | E8: Bancomat | F8: B
A9: 46218 | B9: Prestito | C9: Fineco prestito personale | D9: -218 | E9: SDD | F9: A | G9: Picco del 15 (mantenere buffer).
A10: 46218 | B10: Prestito | C10: Compass prestito auto nuova | D10: -545 | E10: SDD | F10: A | G10: Picco del 15.
A11: 46218 | B11: Utenza | C11: WindTre fibra casa | D11: -31 | E11: SDD | F11: B | G11: Essenziale.
A12: 46218 | B12: Utenza | C12: WindTre figli | D12: -14 | E12: SDD | F12: B | G12: Essenziale.
A13: 46218 | B13: Utenza | C13: Sorgenia elettricità (stima) | D13: -120 | E13: SDD | F13: B | G13: Aggiorna quando arriva la bolletta.
A14: 46218 | B14: Utenza | C14: Sorgenia gas (stima) | D14: -20 | E14: SDD | F14: B | G14: Aggiorna quando arriva la bolletta.
A15: 46221 | B15: Spesa | C15: Spesa familiare settimanale | D15: -170 | E15: Bancomat | F15: B
A16: 46228 | B16: Spesa | C16: Spesa familiare settimanale | D16: -170 | E16: Bancomat | F16: B
A17: 46230 | B17: Entrate | C17: Stipendio netto | D17: 2380 | E17: Accredito | F17: A
A19: Regole operative del mese (promemoria)
A20: • Spesa alimentare: pagare SOLO 1 spesa settimanale al mese con buoni pasto (zero impatto sul C/C).
A21: • Amazon: preferire credito/buoni regalo; evitare addebiti diretti da C/C salvo necessità di tua moglie.
A22: • Niente prelievi nei 3–4 giorni prima del 1° e del 15. Nei mesi Rottamazione: niente prelievi 25→3.
A23: • Santander/Compass: evitare qualunque giorno di ritardo (mora giornaliera elevata).

Sheet 08-Aug
A1: AUGUST 2026
F2: Residuo (fisso) | G2: =SUMIF($A:$A,"<>",$D:$D) -> -198 | J2: Saldo netto mese | K2: =SUMIF($A:$A,"<>",$D:$D) -> -198
A3: Data | B3: Categoria | C3: Voce | D3: Importo (€) | E3: Metodo | F3: Priorità | G3: Note operative | H3: Pagato | J3: Saldo cumulato | K3: ='07-Jul'!$K$3+$K$2 -> 854.45
A4: 46235 | B4: Prestito | C4: Santander prestito auto rubata | D4: -742 | E4: SDD | F4: A | G4: Picco del 1° (mantenere buffer).
A5: 46235 | B5: Servizio | C5: Subbyx (Garmin + telefoni) | D5: -38 | E5: SDD | F5: B | G5: Spostata al 1°.
A6: 46235 | B6: Spesa | C6: Spesa familiare settimanale | D6: -170 | E6: Bancomat | F6: B
A7: 46242 | B7: Spesa | C7: Spesa familiare settimanale | D7: -170 | E7: Bancomat | F7: B
A8: 46249 | B8: Prestito | C8: Fineco prestito personale | D8: -218 | E8: SDD | F8: A | G8: Picco del 15 (mantenere buffer).
A9: 46249 | B9: Prestito | C9: Compass prestito auto nuova | D9: -545 | E9: SDD | F9: A | G9: Picco del 15.
A10: 46249 | B10: Utenza | C10: WindTre fibra casa | D10: -31 | E10: SDD | F10: B | G10: Essenziale.
A11: 46249 | B11: Utenza | C11: WindTre figli | D11: -14 | E11: SDD | F11: B | G11: Essenziale.
A12: 46249 | B12: Utenza | C12: Sorgenia elettricità (stima) | D12: -120 | E12: SDD | F12: B | G12: Aggiorna quando arriva la bolletta.
A13: 46249 | B13: Utenza | C13: Sorgenia gas (stima) | D13: -20 | E13: SDD | F13: B | G13: Aggiorna quando arriva la bolletta.
A14: 46249 | B14: Spesa | C14: Spesa familiare settimanale | D14: -170 | E14: Bancomat | F14: B
A15: 46256 | B15: Spesa | C15: Spesa familiare settimanale | D15: -170 | E15: Bancomat | F15: B
A16: 46261 | B16: Entrate | C16: Stipendio netto | D16: 2380 | E16: Accredito | F16: A
A17: 46263 | B17: Spesa | C17: Spesa familiare settimanale | D17: -170 | E17: Buoni pasto | F17: B
A19: Regole operative del mese (promemoria)
A20: • Spesa alimentare: pagare SOLO 1 spesa settimanale al mese con buoni pasto (zero impatto sul C/C).
A21: • Amazon: preferire credito/buoni regalo; evitare addebiti diretti da C/C salvo necessità di tua moglie.
A22: • Niente prelievi nei 3–4 giorni prima del 1° e del 15. Nei mesi Rottamazione: niente prelievi 25→3.
A23: • Santander/Compass: evitare qualunque giorno di ritardo (mora giornaliera elevata).

Sheet 09-Sep
A1: SEPTEMBER 2026
F2: Residuo (fisso) | G2: =SUMIF($A:$A,"<>",$D:$D) -> -182 | J2: Saldo netto mese | K2: =SUMIF($A:$A,"<>",$D:$D) -> -182
A3: Data | B3: Categoria | C3: Voce | D3: Importo (€) | E3: Metodo | F3: Priorità | G3: Note operative | H3: Pagato | J3: Saldo cumulato | K3: ='08-Aug'!$K$3+$K$2 -> 672.45
A4: 46266 | B4: Prestito | C4: Santander prestito auto rubata | D4: -742 | E4: SDD | F4: A | G4: Picco del 1° (mantenere buffer).
A5: 46266 | B5: Servizio | C5: Subbyx (Garmin + telefoni) | D5: -38 | E5: SDD | F5: B | G5: Spostata al 1°.
A6: 46266 | B6: Casa | C6: Condominio (bimestrale) | D6: -154 | E6: SDD | F6: B | G6: Mesi dispari.
A7: 46270 | B7: Spesa | C7: Spesa familiare settimanale | D7: -170 | E7: Bancomat | F7: B
A8: 46277 | B8: Spesa | C8: Spesa familiare settimanale | D8: -170 | E8: Bancomat | F8: B
A9: 46280 | B9: Prestito | C9: Fineco prestito personale | D9: -218 | E9: SDD | F9: A | G9: Picco del 15 (mantenere buffer).
A10: 46280 | B10: Prestito | C10: Compass prestito auto nuova | D10: -545 | E10: SDD | F10: A | G10: Picco del 15.
A11: 46280 | B11: Utenza | C11: WindTre fibra casa | D11: -31 | E11: SDD | F11: B | G11: Essenziale.
A12: 46280 | B12: Utenza | C12: WindTre figli | D12: -14 | E12: SDD | F12: B | G12: Essenziale.
A13: 46280 | B13: Utenza | C13: Sorgenia elettricità (stima) | D13: -120 | E13: SDD | F13: B | G13: Aggiorna quando arriva la bolletta.
A14: 46280 | B14: Utenza | C14: Sorgenia gas (stima) | D14: -20 | E14: SDD | F14: B | G14: Aggiorna quando arriva la bolletta.
A15: 46284 | B15: Spesa | C15: Spesa familiare settimanale | D15: -170 | E15: Bancomat | F15: B
A16: 46291 | B16: Spesa | C16: Spesa familiare settimanale | D16: -170 | E16: Bancomat | F16: B
A17: 46292 | B17: Entrate | C17: Stipendio netto | D17: 2380 | E17: Accredito | F17: A
A19: Regole operative del mese (promemoria)
A20: • Spesa alimentare: pagare SOLO 1 spesa settimanale al mese con buoni pasto (zero impatto sul C/C).
A21: • Amazon: preferire credito/buoni regalo; evitare addebiti diretti da C/C salvo necessità di tua moglie.
A22: • Niente prelievi nei 3–4 giorni prima del 1° e del 15. Nei mesi Rottamazione: niente prelievi 25→3.
A23: • Santander/Compass: evitare qualunque giorno di ritardo (mora giornaliera elevata).

Sheet 10-Oct
A1: OCTOBER 2026
F2: Residuo (fisso) | G2: =SUMIF($A:$A,"<>",$D:$D) -> -198 | J2: Saldo netto mese | K2: =SUMIF($A:$A,"<>",$D:$D) -> -198
A3: Data | B3: Categoria | C3: Voce | D3: Importo (€) | E3: Metodo | F3: Priorità | G3: Note operative | H3: Pagato | J3: Saldo cumulato | K3: ='09-Sep'!$K$3+$K$2 -> 474.45
A4: 46296 | B4: Prestito | C4: Santander prestito auto rubata | D4: -742 | E4: SDD | F4: A | G4: Picco del 1° (mantenere buffer).
A5: 46296 | B5: Servizio | C5: Subbyx (Garmin + telefoni) | D5: -38 | E5: SDD | F5: B | G5: Spostata al 1°.
A6: 46298 | B6: Spesa | C6: Spesa familiare settimanale | D6: -170 | E6: Bancomat | F6: B
A7: 46305 | B7: Spesa | C7: Spesa familiare settimanale | D7: -170 | E7: Bancomat | F7: B
A8: 46310 | B8: Prestito | C8: Fineco prestito personale | D8: -218 | E8: SDD | F8: A | G8: Picco del 15 (mantenere buffer).
A9: 46310 | B9: Prestito | C9: Compass prestito auto nuova | D9: -545 | E9: SDD | F9: A | G9: Picco del 15.
A10: 46310 | B10: Utenza | C10: WindTre fibra casa | D10: -31 | E10: SDD | F10: B | G10: Essenziale.
A11: 46310 | B11: Utenza | C11: WindTre figli | D11: -14 | E11: SDD | F11: B | G11: Essenziale.
A12: 46310 | B12: Utenza | C12: Sorgenia elettricità (stima) | D12: -120 | E12: SDD | F12: B | G12: Aggiorna quando arriva la bolletta.
A13: 46310 | B13: Utenza | C13: Sorgenia gas (stima) | D13: -20 | E13: SDD | F13: B | G13: Aggiorna quando arriva la bolletta.
A14: 46312 | B14: Spesa | C14: Spesa familiare settimanale | D14: -170 | E14: Bancomat | F14: B
A15: 46319 | B15: Spesa | C15: Spesa familiare settimanale | D15: -170 | E15: Bancomat | F15: B
A16: 46322 | B16: Entrate | C16: Stipendio netto | D16: 2380 | E16: Accredito | F16: A
A17: 46326 | B17: Spesa | C17: Spesa familiare settimanale | D17: -170 | E17: Buoni pasto | F17: B
A19: Regole operative del mese (promemoria)
A20: • Spesa alimentare: pagare SOLO 1 spesa settimanale al mese con buoni pasto (zero impatto sul C/C).
A21: • Amazon: preferire credito/buoni regalo; evitare addebiti diretti da C/C salvo necessità di tua moglie.
A22: • Niente prelievi nei 3–4 giorni prima del 1° e del 15. Nei mesi Rottamazione: niente prelievi 25→3.
A23: • Santander/Compass: evitare qualunque giorno di ritardo (mora giornaliera elevata).

Sheet 11-Nov
A1: NOVEMBER 2026
F2: Residuo (fisso) | G2: =SUMIF($A:$A,"<>",$D:$D) -> -182 | J2: Saldo netto mese | K2: =SUMIF($A:$A,"<>",$D:$D) -> -182
A3: Data | B3: Categoria | C3: Voce | D3: Importo (€) | E3: Metodo | F3: Priorità | G3: Note operative | H3: Pagato | J3: Saldo cumulato | K3: ='10-Oct'!$K$3+$K$2 -> 292.45
A4: 46327 | B4: Prestito | C4: Santander prestito auto rubata | D4: -742 | E4: SDD | F4: A | G4: Picco del 1° (mantenere buffer).
A5: 46327 | B5: Servizio | C5: Subbyx (Garmin + telefoni) | D5: -38 | E5: SDD | F5: B | G5: Spostata al 1°.
A6: 46327 | B6: Casa | C6: Condominio (bimestrale) | D6: -154 | E6: SDD | F6: B | G6: Mesi dispari.
A7: 46333 | B7: Spesa | C7: Spesa familiare settimanale | D7: -170 | E7: Bancomat | F7: B
A8: 46340 | B8: Spesa | C8: Spesa familiare settimanale | D8: -170 | E8: Bancomat | F8: B
A9: 46341 | B9: Prestito | C9: Fineco prestito personale | D9: -218 | E9: SDD | F9: A | G9: Picco del 15 (mantenere buffer).
A10: 46341 | B10: Prestito | C10: Compass prestito auto nuova | D10: -545 | E10: SDD | F10: A | G10: Picco del 15.
A11: 46341 | B11: Utenza | C11: WindTre fibra casa | D11: -31 | E11: SDD | F11: B | G11: Essenziale.
A12: 46341 | B12: Utenza | C12: WindTre figli | D12: -14 | E12: SDD | F12: B | G12: Essenziale.
A13: 46341 | B13: Utenza | C13: Sorgenia elettricità (stima) | D13: -120 | E13: SDD | F13: B | G13: Aggiorna quando arriva la bolletta.
A14: 46341 | B14: Utenza | C14: Sorgenia gas (stima) | D14: -20 | E14: SDD | F14: B | G14: Aggiorna quando arriva la bolletta.
A15: 46347 | B15: Spesa | C15: Spesa familiare settimanale | D15: -170 | E15: Buoni pasto | F15: B
A16: 46353 | B16: Entrate | C16: Stipendio netto | D16: 2380 | E16: Accredito | F16: A
A17: 46354 | B17: Spesa | C17: Spesa familiare settimanale | D17: -170 | E17: Buoni pasto | F17: B
A19: Regole operative del mese (promemoria)
A20: • Spesa alimentare: pagare SOLO 1 spesa settimanale al mese con buoni pasto (zero impatto sul C/C).
A21: • Amazon: preferire credito/buoni regalo; evitare addebiti diretti da C/C salvo necessità di tua moglie.
A22: • Niente prelievi nei 3–4 giorni prima del 1° e del 15. Nei mesi Rottamazione: niente prelievi 25→3.
A23: • Santander/Compass: evitare qualunque giorno di ritardo (mora giornaliera elevata).

Sheet 12-Dec
A1: DECEMBER 2026
F2: Residuo (fisso) | G2: =SUMIF($A:$A,"<>",$D:$D) -> 2352 | J2: Saldo netto mese | K2: =SUMIF($A:$A,"<>",$D:$D) -> 2352
A3: Data | B3: Categoria | C3: Voce | D3: Importo (€) | E3: Metodo | F3: Priorità | G3: Note operative | H3: Pagato | J3: Saldo cumulato | K3: ='11-Nov'!$K$3+$K$2 -> 2644.45
A4: 46357 | B4: Prestito | C4: Santander prestito auto rubata | D4: -742 | E4: SDD | F4: A | G4: Picco del 1° (mantenere buffer).
A5: 46357 | B5: Servizio | C5: Subbyx (Garmin + telefoni) | D5: -38 | E5: SDD | F5: B | G5: Spostata al 1°.
A6: 46361 | B6: Spesa | C6: Spesa familiare settimanale | D6: -170 | E6: Bancomat | F6: B
A7: 46368 | B7: Spesa | C7: Spesa familiare settimanale | D7: -170 | E7: Bancomat | F7: B
A8: 46371 | B8: Prestito | C8: Fineco prestito personale | D8: -218 | E8: SDD | F8: A | G8: Picco del 15 (mantenere buffer).
A9: 46371 | B9: Prestito | C9: Compass prestito auto nuova | D9: -545 | E9: SDD | F9: A | G9: Picco del 15.
A10: 46371 | B10: Utenza | C10: WindTre fibra casa | D10: -31 | E10: SDD | F10: B | G10: Essenziale.
A11: 46371 | B11: Utenza | C11: WindTre figli | D11: -14 | E11: SDD | F11: B | G11: Essenziale.
A12: 46371 | B12: Utenza | C12: Sorgenia elettricità (stima) | D12: -120 | E12: SDD | F12: B | G12: Aggiorna quando arriva la bolletta.
A13: 46371 | B13: Utenza | C13: Sorgenia gas (stima) | D13: -20 | E13: SDD | F13: B | G13: Aggiorna quando arriva la bolletta.
A14: 46375 | B14: Spesa | C14: Spesa familiare settimanale | D14: -170 | E14: Bancomat | F14: B
A15: 46382 | B15: Spesa | C15: Spesa familiare settimanale | D15: -170 | E15: Bancomat | F15: B
A16: 46383 | B16: Entrate | C16: Stipendio netto | D16: =2380*2 -> 4760 | E16: Accredito | F16: A | G16: Stipendio+Tredicesima
A18: Regole operative del mese (promemoria)
A19: • Spesa alimentare: pagare SOLO 1 spesa settimanale al mese con buoni pasto (zero impatto sul C/C).
A20: • Amazon: preferire credito/buoni regalo; evitare addebiti diretti da C/C salvo necessità di tua moglie.
A21: • Niente prelievi nei 3–4 giorni prima del 1° e del 15. Nei mesi Rottamazione: niente prelievi 25→3.
A22: • Santander/Compass: evitare qualunque giorno di ritardo (mora giornaliera elevata).
