Workbook

Sheet Fase1
A1: Food | B1: Q | C1: Unit | D1: € | E1: %NT | F1: NT/€ | G1: Meal | H1: Notes
A2: Rolled Oats, dry | B2: 140 | C2: g | D2: =1.99/0.5*B2/1000 -> 0.5572 | E2: 3 | F2: =IF(D2>0, E2/D2, 0) -> 5.3840632 | G2: Colazione
A3: Seeds, Flaxseed | B3: 16 | C3: g | D3: =7.23*B3/1000 -> 0.11568 | E3: 1 | F3: =IF(D3>0, E3/D3, 0) -> 8.6445367 | G3: Colazione | H3: Elimination candidate: 4
A4: Chickpeas, dry, home soaked and cooked, no salt [AMC] | B4: =650 -> 650 | C4: g | D4: =(4+0.5)/2.46*B4/1000 -> 1.1890244 | E4: 6 | F4: =IF(D4>0, E4/D4, 0) -> 5.0461538 | G4: Mattina
A5: Soy Milk, Plain or Original, Sweetened with Sugar, Ready-to-Drink, Enriched | B5: 250 | C5: g | D5: =1.89*B5/1000 -> 0.4725 | E5: 2 | F5: =IF(D5>0, E5/D5, 0) -> 4.2328042 | G5: Colazione | H5: Elimination candidate: 5
A6: Cirio "Passata Verace" [AMC] | B6: 500 | C6: g | D6: =1.29/0.7*B6/1000 -> 0.92142857 | E6: 3 | F6: =IF(D6>0, E6/D6, 0) -> 3.255814 | G6: Mattina
A7: Spinach, raw | B7: 500 | C7: g | D7: =2.19/0.5*B7/1000 -> 2.19 | E7: 6 | F7: =IF(D7>0, E7/D7, 0) -> 2.739726 | G7: Mattina
A8: fit&pro Vegan Protein Bar low sugar Lemon | B8: =(5*2+2)/7 -> 1.7142857 | C8: each | D8: =0.99*B8 -> 1.6971429 | E8: 2 | F8: =IF(D8>0, E8/D8, 0) -> 1.1784512 | G8: Mattina | H8: Elimination candidate: 2
A9: Walnuts | B9: 0 | C9: g | D9: =17.9*B9/1000 -> 0 | E9: 1 | F9: =IF(D9>0, E9/D9, 0) -> 0 | G9: Colazione
A10: Sir Winston - Pure Green Tea | B10: 1 | C10: each | D10: =2/20*B10 -> 0.1 | E10: 0 | F10: =IF(D10>0, E10/D10, 0) -> 0 | G10: Drink
A11: Sunfood, Organic Black Seeds Ancient Super Seed Nigella Sativa | B11: 4 | C11: g | D11: =20.99*B11/1000 -> 0.08396 | E11: 0 | F11: =IF(D11>0, E11/D11, 0) -> 0 | G11: Colazione | H11: Elimination candidate: 4
A12: Cacao, Nibs, Raw Organic | B12: 20 | C12: g | D12: =31.44*B12/1000 -> 0.6288 | E12: 0 | F12: =IF(D12>0, E12/D12, 0) -> 0 | G12: Colazione | H12: Elimination candidate: 1
A13: Igart – Pure Dried Cranberries | B13: 60 | C13: g | D13: =34.95/3*B13/1000 -> 0.699 | E13: 0 | F13: =IF(D13>0, E13/D13, 0) -> 0 | G13: Colazione | H13: Elimination candidate: 3
A14: Pumpkin or Squash Seeds, Shelled, Unsalted | B14: 0 | C14: g | D14: =11*B14/1000 -> 0 | E14: 0 | F14: =IF(D14>0, E14/D14, 0) -> 0 | G14: Colazione | H14: Elimination candidate: 6
D15: =SUM(D2:D14) -> 8.6547358 | E15: =SUM(E2:E14) -> 24 | F15: =IF(D15>0, E15/D15, 0) -> 2.7730482

Sheet Fase2
A1: Food | B1: Q | C1: Unit | D1: € | E1: %NT | F1: NT/€ | G1: Meal | H1: Notes
A2: Rolled Oats, dry | B2: 140 | C2: g | D2: =1.99/0.5*B2/1000 -> 0.5572 | E2: 4 | F2: =IF(D2>0, E2/D2, 0) -> 7.1787509 | G2: Colazione
A3: Seeds, Flaxseed | B3: 16 | C3: g | D3: =7.23*B3/1000 -> 0.11568 | E3: 1 | F3: =IF(D3>0, E3/D3, 0) -> 8.6445367 | G3: Colazione | H3: Elimination candidate: 4
A4: Chickpeas, dry, home soaked and cooked, no salt [AMC] | B4: 700 | C4: g | D4: =(4+0.5)/2.46*B4/1000 -> 1.2804878 | E4: 6 | F4: =IF(D4>0, E4/D4, 0) -> 4.6857143 | G4: Mattina
A5: Soy Milk, Plain or Original, Sweetened with Sugar, Ready-to-Drink, Enriched | B5: 250 | C5: g | D5: =1.89*B5/1000 -> 0.4725 | E5: 2 | F5: =IF(D5>0, E5/D5, 0) -> 4.2328042 | G5: Colazione | H5: Elimination candidate: 5
A6: Spinach, raw | B6: 500 | C6: g | D6: =2.19/0.5*B6/1000 -> 2.19 | E6: 8 | F6: =IF(D6>0, E6/D6, 0) -> 3.652968 | G6: Mattina
A7: Cirio "Passata Verace" [AMC] | B7: 800 | C7: g | D7: =1.29/0.7*B7/1000 -> 1.4742857 | E7: 3 | F7: =IF(D7>0, E7/D7, 0) -> 2.0348837 | G7: Mattina
A8: Walnuts | B8: 0 | C8: g | D8: =17.9*B8/1000 -> 0 | E8: 1 | F8: =IF(D8>0, E8/D8, 0) -> 0 | G8: Colazione
A9: Sir Winston - Pure Green Tea | B9: 1 | C9: each | D9: =2/20*B9 -> 0.1 | E9: 0 | F9: =IF(D9>0, E9/D9, 0) -> 0 | G9: Drink
A10: Sunfood, Organic Black Seeds Ancient Super Seed Nigella Sativa | B10: 4 | C10: g | D10: =20.99*B10/1000 -> 0.08396 | E10: 0 | F10: =IF(D10>0, E10/D10, 0) -> 0 | G10: Colazione | H10: Elimination candidate: 4
A11: fit&pro Vegan Protein Bar low sugar Lemon | B11: =(5*2+2)/7 -> 1.7142857 | C11: each | D11: =0.99*B11 -> 1.6971429 | E11: 2 | F11: =IF(D11>0, E11/D11, 0) -> 1.1784512 | G11: Mattina | H11: Elimination candidate: 2
A12: Pumpkin or Squash Seeds, Shelled, Unsalted | B12: 4 | C12: g | D12: =11*B12/1000 -> 0.044 | E12: 1 | F12: =IF(D12>0, E12/D12, 0) -> 22.727273 | G12: Colazione | H12: Elimination candidate: 6
D13: =SUM(D2:D12) -> 8.0152564 | E13: =SUM(E2:E12) -> 28 | F13: =IF(D13>0, E13/D13, 0) -> 3.493338

Sheet Fase3
A1: Food | B1: Q | C1: Unit | D1: € | E1: %NT | F1: NT/€ | G1: Meal | H1: Notes
A2: Rolled Oats, dry | B2: 140 | C2: g | D2: =1.99/0.5*B2/1000 -> 0.5572 | E2: 4 | F2: =IF(D2>0, E2/D2, 0) -> 7.1787509 | G2: Colazione
A3: Walnuts | B3: 4 | C3: g | D3: =17.9*B3/1000 -> 0.0716 | E3: 1 | F3: =IF(D3>0, E3/D3, 0) -> 13.96648 | G3: Colazione
A4: Sunfood, Organic Black Seeds Ancient Super Seed Nigella Sativa | B4: 4 | C4: g | D4: =20.99*B4/1000 -> 0.08396 | E4: 1 | F4: =IF(D4>0, E4/D4, 0) -> 11.910434 | G4: Colazione | H4: Elimination candidate: 4
A5: Chickpeas, dry, home soaked and cooked, no salt [AMC] | B5: 600 | C5: g | D5: =(4+0.5)/2.46*B5/1000 -> 1.097561 | E5: 8 | F5: =IF(D5>0, E5/D5, 0) -> 7.2888889 | G5: Mattina
A6: Soy Milk, Plain or Original, Sweetened with Sugar, Ready-to-Drink, Enriched | B6: 250 | C6: g | D6: =1.89*B6/1000 -> 0.4725 | E6: 2 | F6: =IF(D6>0, E6/D6, 0) -> 4.2328042 | G6: Colazione | H6: Elimination candidate: 5
A7: Spinach, raw | B7: 500 | C7: g | D7: =2.19/0.5*B7/1000 -> 2.19 | E7: 8 | F7: =IF(D7>0, E7/D7, 0) -> 3.652968 | G7: Mattina
A8: Cirio "Passata Verace" [AMC] | B8: 1000 | C8: g | D8: =1.29/0.7*B8/1000 -> 1.8428571 | E8: 3 | F8: =IF(D8>0, E8/D8, 0) -> 1.627907 | G8: Mattina
A9: Sir Winston - Pure Green Tea | B9: 1 | C9: each | D9: =2/20*B9 -> 0.1 | E9: 0 | F9: =IF(D9>0, E9/D9, 0) -> 0 | G9: Drink
A10: Seeds, Flaxseed | B10: 16 | C10: g | D10: =7.23*B10/1000 -> 0.11568 | E10: 0 | F10: =IF(D10>0, E10/D10, 0) -> 0 | G10: Colazione | H10: Elimination candidate: 4
A11: Pumpkin or Squash Seeds, Shelled, Unsalted | B11: 4 | C11: g | D11: =11*B11/1000 -> 0.044 | E11: 0 | F11: =IF(D11>0, E11/D11, 0) -> 0 | G11: Colazione | H11: Elimination candidate: 6
D12: =SUM(D2:D11) -> 6.5753581 | E12: =SUM(E2:E11) -> 27 | F12: =IF(D12>0, E12/D12, 0) -> 4.1062402

Sheet Fase4
A1: Food | B1: Q | C1: Unit | D1: € | E1: %NT | F1: NT/€ | G1: Meal | H1: Notes
A2: Rolled Oats, dry | B2: 140 | C2: g | D2: =1.99/0.5*B2/1000 -> 0.5572 | E2: 4 | F2: =IF(D2>0, E2/D2, 0) -> 7.1787509 | G2: Colazione
A3: Walnuts | B3: 4 | C3: g | D3: =17.9*B3/1000 -> 0.0716 | E3: 1 | F3: =IF(D3>0, E3/D3, 0) -> 13.96648 | G3: Colazione
A4: Seeds, Flaxseed | B4: 16 | C4: g | D4: =7.23*B4/1000 -> 0.11568 | E4: 1 | F4: =IF(D4>0, E4/D4, 0) -> 8.6445367 | G4: Colazione | H4: Elimination candidate: 4
A5: Chickpeas, dry, home soaked and cooked, no salt [AMC] | B5: 800 | C5: g | D5: =(4+0.5)/2.46*B5/1000 -> 1.4634146 | E5: 9 | F5: =IF(D5>0, E5/D5, 0) -> 6.15 | G5: Mattina
A6: Spinach, raw | B6: 500 | C6: g | D6: =2.19/0.5*B6/1000 -> 2.19 | E6: 10 | F6: =IF(D6>0, E6/D6, 0) -> 4.56621 | G6: Mattina
A7: Cirio "Passata Verace" [AMC] | B7: 1000 | C7: g | D7: =1.29/0.7*B7/1000 -> 1.8428571 | E7: 4 | F7: =IF(D7>0, E7/D7, 0) -> 2.1705426 | G7: Mattina
A8: Sir Winston - Pure Green Tea | B8: 1 | C8: each | D8: =2/20*B8 -> 0.1 | E8: 0 | F8: =IF(D8>0, E8/D8, 0) -> 0 | G8: Drink
A9: Sunfood, Organic Black Seeds Ancient Super Seed Nigella Sativa | B9: 4 | C9: g | D9: =20.99*B9/1000 -> 0.08396 | E9: 0 | F9: =IF(D9>0, E9/D9, 0) -> 0 | G9: Colazione | H9: Elimination candidate: 4
A10: Pumpkin or Squash Seeds, Shelled, Unsalted | B10: 4 | C10: g | D10: =11*B10/1000 -> 0.044 | E10: 0 | F10: =IF(D10>0, E10/D10, 0) -> 0 | G10: Colazione | H10: Elimination candidate: 6
D11: =SUM(D2:D10) -> 6.4687118 | E11: =SUM(E2:E10) -> 29 | F11: =IF(D11>0, E11/D11, 0) -> 4.4831183

Sheet Fase5
A1: Food | B1: Q | C1: Unit | D1: € | E1: %NT | F1: NT/€ | G1: Meal | H1: Notes
A2: Rolled Oats, dry | B2: 140 | C2: g | D2: =1.99/0.5*B2/1000 -> 0.5572 | E2: 5 | F2: =IF(D2>0, E2/D2, 0) -> 8.9734386 | G2: Colazione
A3: Walnuts | B3: 16 | C3: g | D3: =17.9*B3/1000 -> 0.2864 | E3: 2 | F3: =IF(D3>0, E3/D3, 0) -> 6.9832402 | G3: Colazione
A4: Chickpeas, dry, home soaked and cooked, no salt [AMC] | B4: 800 | C4: g | D4: =(4+0.5)/2.46*B4/1000 -> 1.4634146 | E4: 10 | F4: =IF(D4>0, E4/D4, 0) -> 6.8333333 | G4: Mattina
A5: Spinach, raw | B5: 500 | C5: g | D5: =2.19/0.5*B5/1000 -> 2.19 | E5: 9 | F5: =IF(D5>0, E5/D5, 0) -> 4.109589 | G5: Mattina
A6: Cirio "Passata Verace" [AMC] | B6: 1000 | C6: g | D6: =1.29/0.7*B6/1000 -> 1.8428571 | E6: 5 | F6: =IF(D6>0, E6/D6, 0) -> 2.7131783 | G6: Mattina
A7: Sir Winston - Pure Green Tea | B7: 1 | C7: each | D7: =2/20*B7 -> 0.1 | E7: 0 | F7: =IF(D7>0, E7/D7, 0) -> 0 | G7: Drink
D8: =SUM(D2:D7) -> 6.4398718 | E8: =SUM(E2:E7) -> 31 | F8: =IF(D8>0, E8/D8, 0) -> 4.8137604

Sheet Timeline
A1: Fase | B1: Inizio fase | C1: Alimento da terminare | D1: Q | E1: Unit | F1: Termina il | G1: Costo
A2: Fase1 | B2: 45989 | C2: Cacao Nibs + Cranberries | D2: =1.15+0.05 -> 1.2 | E2: Kg | F2: 46012 | G2: =Fase1!D$15 -> 8.6547358
A3: Fase2 | B3: =F2+1 -> 46013 | C3: Barrette | D3: =29+11 -> 40 | E3: each | F3: ="3/12/2025"+D3/(12/7) -> 46017.333 | G3: =Fase2!D$13 -> 8.0152564
A4: Fase3 | B4: =F3+1 -> 46018.333 | C4: Soy Milk | D4: 6 | E4: liters | F4: ="4/12/2025"+D4/0.25 -> 46019 | G4: =Fase3!D12 -> 6.5753581
A5: Fase4 | B5: =F4+1 -> 46020 | C5: Semi (tutti) | D5: 0.6 | E5: Kg | F5: ="4/12/2025"+D5/0.02 -> 46025 | G5: =Fase4!D11 -> 6.4687118
A6: Fase5 | B6: =F5+1 -> 46026 | C6: Nessuno | F6: 47483 | G6: =Fase5!D8 -> 6.4398718
